doctor_id,doctor_name,specialty,department_id
1,Rebekah Smith,Neurology,25
2,Julie Williams,Emergency,11
3,Mrs. Amy Mckay DDS,Orthopedics,7
4,Tracy Hernandez,ENT,50
5,James Lopez,ENT,28
6,Cynthia Waters,Pediatrics,48
7,Barbara Walker,General Medicine,42
8,John Joyce,Pediatrics,24
9,Jennifer Morgan,ENT,28
10,Brenda Boyle,Radiology,26
11,Michael Stevens,Pediatrics,8
12,Garrett Evans,Pediatrics,47
13,Angela Perry,Oncology,20
14,Miranda Mendoza,Emergency,8
15,Christopher Harrison,Neurology,18
16,William Cole,Pediatrics,2
17,Ryan Mcdaniel,Pediatrics,22
18,David King,ENT,23
19,Douglas Glenn,Emergency,13
20,Patrick Hansen,Emergency,24
21,Amy Rodriguez,ENT,6
22,Michael Williams,Orthopedics,13
23,Ashley Cunningham,Emergency,35
24,Johnny Crane,Orthopedics,25
25,Jeffrey Kaiser,Radiology,23
26,Nancy Anderson,Cardiology,19
27,Bryan Maldonado,General Medicine,48
28,Michael Stokes,Neurology,19
29,Samantha Lewis,ENT,38
30,William Morris,Orthopedics,13
31,Tyler Lindsey,Oncology,29
32,Brian Gray,Emergency,38
33,Gregory Frye,Oncology,44
34,Carolyn Jones,Dermatology,45
35,Amanda Branch,Oncology,39
36,Hannah Cantu,Orthopedics,7
37,Mr. Robert Moore,Cardiology,31
38,Lauren Johnson,Dermatology,3
39,Raymond Williams,Radiology,2
40,Samantha Combs,Orthopedics,37
41,Robert Johnson,Orthopedics,5
42,Kathryn Mercado,General Medicine,26
43,Terri Rodriguez,Emergency,9
44,Austin Padilla,General Medicine,16
45,Melissa Oconnor,Radiology,3
46,Madison King,Cardiology,24
47,Nicole Dominguez,Oncology,41
48,Bryan Jones,General Medicine,17
49,Abigail Cline,General Medicine,19
50,Joseph Butler,Emergency,28
51,Sean Anderson,Orthopedics,45
52,Adrian Rivera,Radiology,41
53,Rebekah Smith,Radiology,46
54,Mia David,Pediatrics,14
55,Larry King,Cardiology,19
56,Connie Singh,Dermatology,1
57,Suzanne Torres,Orthopedics,28
58,Kimberly Molina MD,General Medicine,35
59,Janet Bailey,Emergency,19
60,James Wilson,General Medicine,39
61,Adrian Fitzpatrick,Radiology,19
62,Patricia Jackson,ENT,40
63,Andrew Conway,General Medicine,43
64,Steven Bailey,Radiology,40
65,Kristen Sharp,Dermatology,33
66,Gary Patterson,Pediatrics,13
67,Blake Rodriguez,Emergency,41
68,Nathan Martin,Neurology,11
69,Jamie Lyons,Neurology,2
70,James Woods,General Medicine,46
71,Brandon Perez,Orthopedics,37
72,Heidi Sexton DVM,Neurology,49
73,William Thompson,Oncology,7
74,Angela Warner,Emergency,47
75,Jessica Brown,Radiology,30
76,Thomas Cunningham,Orthopedics,9
77,Chelsea Thompson,Dermatology,29
78,Melissa Griffith,Oncology,39
79,Stephanie Hunter,ENT,5
80,Ryan Jones,Emergency,32
81,Toni Butler,ENT,8
82,John Green,Emergency,27
83,David Navarro,Cardiology,41
84,Madeline Garrison,Radiology,41
85,Derrick Campbell,Pediatrics,14
86,Jordan Oconnor,Neurology,24
87,Regina Scott,Pediatrics,43
88,Mark Thomas,Dermatology,46
89,Angela Walter,Dermatology,12
90,Victoria Martinez,ENT,45
91,Nicholas Stewart,Pediatrics,47
92,Rachel Camacho,Radiology,20
93,Jessica Kennedy,Cardiology,24
94,Jennifer Galloway,Radiology,33
95,Mrs. Sheryl Higgins PhD,Cardiology,15
96,Mark Mills,Dermatology,6
97,Randall Hall,Cardiology,36
98,Daisy Johnson,Radiology,31
99,Kristen Hoffman,Neurology,44
100,Jean Lee,ENT,7
101,James Russell,Pediatrics,5
102,Renee Mcintosh,Pediatrics,27
103,James Reed,Pediatrics,49
104,Brian Anderson,Emergency,2
105,Ashley Gomez,Cardiology,15
106,Belinda Peterson,Radiology,1
107,Alexander Snyder,ENT,42
108,Brian Serrano,Dermatology,37
109,Christopher Campos,General Medicine,47
110,Traci Graham,Oncology,42
111,William Miller,Cardiology,22
112,Raymond Baker,Dermatology,44
113,Ryan James,Emergency,24
114,Jeffrey Jones,Oncology,40
115,John Holmes,General Medicine,50
116,Rhonda Navarro,ENT,23
117,Walter Wright,General Medicine,48
118,Jessica Washington,Neurology,43
119,Carl Gibson,Neurology,45
120,Paul James,ENT,8
121,Lisa Johnson DDS,Cardiology,7
122,Maria Massey,General Medicine,24
123,Jeremy Mcmahon,Emergency,42
124,Christopher Johnson,Radiology,11
125,Tracey Brown,Orthopedics,21
126,Steve Simpson,ENT,48
127,Jesse Poole,Dermatology,42
128,Joyce Wiley,Emergency,16
129,Terry Kim,Cardiology,19
130,Joshua Santos,Neurology,23
131,Mr. Charles Thomas,Neurology,37
132,Mr. Brandon Mcdowell,General Medicine,6
133,Catherine Miller,Radiology,33
134,Teresa Heath,Pediatrics,38
135,Arthur Baker,Neurology,26
136,Frederick Frazier,Cardiology,15
137,Jennifer Case,Orthopedics,46
138,Joseph Anderson,Neurology,16
139,Christopher Smith,Dermatology,43
140,Beverly Aguilar,Cardiology,16
141,Steven Bray,Orthopedics,43
142,Scott Savage,Orthopedics,20
143,Tanya Gibson,Cardiology,22
144,Thomas Hopkins,Dermatology,6
145,Debra Gray,Cardiology,14
146,Micheal Lara,General Medicine,37
147,Eric Young,General Medicine,43
148,Debra Nicholson,Dermatology,3
149,Victoria Vega,ENT,28
150,Angela Miller,Cardiology,26
151,Alejandra Ellison,Radiology,5
152,Sabrina Hernandez,Oncology,6
153,Diane Bailey,ENT,20
154,Philip Martin,Orthopedics,7
155,Kathleen Bryan,Orthopedics,40
156,Brandon Smith,General Medicine,16
157,Alexander Rowe,Orthopedics,26
158,Alicia Ramos,Oncology,5
159,Paula Jimenez,Pediatrics,29
160,Joshua Robinson,Orthopedics,3
161,Michael Ashley,General Medicine,21
162,Mr. Micheal Gutierrez,Orthopedics,23
163,Michael Freeman,Dermatology,13
164,Trevor Robbins,Pediatrics,1
165,Edwin Park,Neurology,26
166,Christopher Foster,Cardiology,22
167,Daniel Harris,Dermatology,43
168,Bianca Thompson,Radiology,9
169,Erin Vaughn,Neurology,39
170,Michelle Munoz,General Medicine,2
171,David Floyd,Cardiology,42
172,Jesse Fowler,Orthopedics,26
173,Christine Keith,Dermatology,49
174,John Miller,Cardiology,11
175,Joseph Thomas Jr.,Pediatrics,18
176,Stephanie Thomas,Radiology,5
177,Regina Williams,Neurology,44
178,Alicia Jones,Pediatrics,23
179,Kara Henderson,Radiology,23
180,Jonathan Martin MD,General Medicine,25
181,Sean Fox,Oncology,23
182,Paul Clark,General Medicine,33
183,Ronald Young,Neurology,13
184,Ashley Johnson,Dermatology,21
185,Frank Brown,Orthopedics,14
186,Brianna Valentine,Radiology,15
187,David Garcia,Cardiology,22
188,Evan Hood,Radiology,12
189,Jeffery Johnson,Oncology,20
190,Ashley Ramos,Radiology,30
191,Jeffrey Leonard,Oncology,19
192,Christopher Boyer,Oncology,28
193,Rebecca Weber,ENT,35
194,Victoria Smith,Cardiology,38
195,Stephanie Santos,Dermatology,20
196,Michael Wagner,Oncology,47
197,John Jacobs,Dermatology,11
198,Alan Gardner,Orthopedics,50
199,Nicole Young,General Medicine,8
200,Michael Cruz,General Medicine,9
201,Michelle Ortiz,Orthopedics,28
202,Rebecca Scott,Dermatology,35
203,Shannon Price,ENT,7
204,Matthew Gonzalez,Neurology,38
205,Betty Jordan,Emergency,31
206,Elizabeth Alvarez,Cardiology,10
207,Brittany Huynh,Oncology,38
208,Dr. Christopher Kaufman,Cardiology,35
209,Suzanne Joseph,Neurology,14
210,Suzanne Jenkins,ENT,24
211,Joshua Williams,Radiology,41
212,Adrienne Edwards,Emergency,32
213,Douglas Smith,Orthopedics,26
214,Mr. Jacob Stokes,Radiology,32
215,Cody Klein,General Medicine,17
216,Charles Lee,Emergency,10
217,Alex Smith,ENT,6
218,Nicholas Li,ENT,29
219,Perry Hamilton,General Medicine,27
220,David Lopez,Neurology,50
221,Brandon Quinn,Oncology,27
222,Laura Martinez,General Medicine,20
223,Patricia Hayes,Cardiology,11
224,Heather King,Radiology,16
225,Michael Downs,Pediatrics,37
226,Dr. Christopher Jenkins DVM,Radiology,28
227,Ryan Brown,Radiology,39
228,Benjamin Barajas,General Medicine,10
229,Cindy Smith,Dermatology,26
230,Jim Hurley,Dermatology,21
231,William Mosley,Dermatology,29
232,Molly Skinner,Pediatrics,15
233,Elizabeth Watson,Dermatology,29
234,Kimberly Wood,Emergency,46
235,Amanda Monroe,Cardiology,44
236,Michael Jones,General Medicine,44
237,Brooke Martin,Oncology,21
238,Crystal Bailey,Radiology,19
239,Andrew Gibson,Cardiology,29
240,Karen Novak,Orthopedics,40
241,Angela Ramirez,Dermatology,44
242,Alvin Heath,Pediatrics,22
243,Shannon Gonzales,Oncology,50
244,Veronica Diaz,Dermatology,23
245,John Fisher,Radiology,48
246,Gina Figueroa,Cardiology,26
247,Spencer Wilson,Pediatrics,46
248,Robin Campos,Radiology,20
249,Dr. Martin Pena,Cardiology,3
250,Stephen Huber,Radiology,30
251,Hannah Martin,Radiology,16
252,Emily Santos,ENT,16
253,Gloria Pierce,Oncology,6
254,Brooke Smith,Radiology,20
255,Lori Stevens,Orthopedics,38
256,Elizabeth Contreras,Neurology,4
257,Michael Wilson,Cardiology,22
258,Randy Banks,Dermatology,18
259,Jacqueline Washington,Radiology,32
260,Amanda Smith,Oncology,34
261,William Brown,Radiology,13
262,Brittney Mcmillan,Oncology,42
263,Scott Ellis,General Medicine,31
264,Stephanie Ellis,Oncology,26
265,Adrian Gutierrez,Neurology,34
266,Alexander Hill,Dermatology,29
267,Angela Mitchell,Cardiology,26
268,Jermaine Daniels,Radiology,29
269,Mary Fuentes,Pediatrics,30
270,Manuel Burgess,Cardiology,23
271,Scott Smith,Radiology,38
272,Christopher Morgan,Oncology,9
273,Maria Williams,Pediatrics,46
274,Brittany Young,Pediatrics,38
275,Andre Benitez,Neurology,37
276,Christopher Myers,Oncology,1
277,Nicole Hall,Orthopedics,6
278,Julie Cox,Neurology,23
279,Dawn Chavez,General Medicine,14
280,Valerie Watts,Dermatology,39
281,Mark Scott,Pediatrics,44
282,Stephanie King,Cardiology,5
283,Jillian Walker,Orthopedics,23
284,Shannon Smith,Pediatrics,11
285,Aaron Kirby,Neurology,20
286,Michele Scott,Radiology,3
287,James Wells,Cardiology,17
288,Stacy Andrews,Cardiology,39
289,Allison Robinson,Cardiology,42
290,Stacy Ashley,Neurology,35
291,Jennifer Johnson,Dermatology,36
292,Luke Wheeler,General Medicine,24
293,Jacob Woods,Neurology,17
294,Donna Salinas,Neurology,49
295,Benjamin Hunt,Cardiology,23
296,Laura Hunter,Oncology,10
297,Linda Carr,Pediatrics,14
298,Bradley Bishop,Cardiology,7
299,Ruth Anderson,Neurology,45
300,Frances Jimenez,Oncology,29
301,Thomas Hernandez,Pediatrics,47
302,Daniel Crosby,Oncology,36
303,Mr. William Harris Jr.,Oncology,49
304,David Jones,Radiology,37
305,Lauren Barr,Orthopedics,33
306,Danielle Petersen,Cardiology,49
307,Nicole King,Orthopedics,46
308,Richard Greene,Oncology,38
309,Tracey Morse,Pediatrics,43
310,Michael Martin,General Medicine,42
311,Felicia Green,Dermatology,44
312,Tammy Fitzpatrick,Radiology,28
313,Patricia Hopkins,Orthopedics,17
314,Steven Lam,Emergency,5
315,Daniel Jones,Dermatology,23
316,William Andrews,General Medicine,10
317,Matthew Mayo,ENT,11
318,Donna Weber,Orthopedics,20
319,Andrea Vaughn MD,Cardiology,7
320,Charles Warner,Orthopedics,42
321,Phillip Fitzgerald,ENT,11
322,Tara Walker,Emergency,43
323,Mr. Howard Gonzalez DVM,Neurology,47
324,Angel Walton,Neurology,32
325,Kenneth Barton,ENT,50
326,William Faulkner,Pediatrics,12
327,Patricia Hood,Neurology,5
328,Maria Clark,ENT,22
329,Jordan Ryan,Oncology,38
330,Joel Sanchez DDS,General Medicine,37
331,Leah Hanson,Pediatrics,5
332,Laurie Gonzalez,Oncology,39
333,Dr. Joseph Archer,Oncology,10
334,Ryan Chang,Dermatology,5
335,John Edwards,Orthopedics,5
336,Lauren Diaz,General Medicine,45
337,Jose Thompson,Oncology,21
338,Beth Eaton,Oncology,16
339,Evan Salinas,Oncology,22
340,Kyle Johnson,Radiology,44
341,Carol Newman,Orthopedics,15
342,Teresa Carson,Oncology,32
343,Maria Johnson,Dermatology,29
344,Nicole Evans,Neurology,17
345,Brenda Flores,Neurology,50
346,Mary Harper,ENT,2
347,Mrs. Angela Moreno DVM,General Medicine,9
348,Amy Choi,Oncology,20
349,Anne Ortega,Cardiology,7
350,Gary Gonzalez,Pediatrics,17
351,Ivan Barnes,Emergency,25
352,Heather Allen,General Medicine,9
353,Margaret Reynolds,ENT,7
354,Vanessa Nunez,Emergency,27
355,Andrew Robinson,Orthopedics,15
356,Brenda Craig,Neurology,45
357,Chloe Butler,Oncology,32
358,Kenneth Cook,Oncology,14
359,Lori Mason,Oncology,45
360,Jonathan Adams,Cardiology,37
361,Dean Lee,Pediatrics,21
362,Jeffery Taylor,Emergency,30
363,Amber Mueller,Orthopedics,4
364,Mary Hayes,Neurology,44
365,Jennifer Ware,General Medicine,21
366,Brad Church,Orthopedics,12
367,Robert Robinson,Dermatology,42
368,Rodney Chung,Cardiology,17
369,Eric Davis,Radiology,14
370,Brent Swanson,Dermatology,10
371,Justin Gibson,Cardiology,40
372,Alexander Camacho,Pediatrics,43
373,Shannon Beasley,Emergency,18
374,Jennifer Cox,Emergency,6
375,John Robertson,Oncology,15
376,Thomas Thompson,Radiology,25
377,Melanie Thompson,Orthopedics,27
378,Kimberly May,Pediatrics,2
379,Bradley Anderson,Radiology,9
380,Craig Whitaker,Neurology,8
381,James Dunn,Dermatology,48
382,Nancy Gomez,General Medicine,41
383,Rebecca Ruiz,Pediatrics,26
384,Ms. Angela Vargas,Cardiology,45
385,Joseph Noble,Cardiology,28
386,Jeremy Hernandez,ENT,35
387,April Nguyen,General Medicine,8
388,Kurt Schwartz,General Medicine,48
389,Kathryn Jones,Cardiology,29
390,Jay Lyons,Radiology,36
391,Renee Clark,Radiology,34
392,Christopher Peterson,Oncology,35
393,Amanda Owens,Emergency,11
394,John Johnson,Neurology,5
395,Jeffrey Grant,Pediatrics,9
396,Jennifer Mason,General Medicine,19
397,Larry Sanchez,ENT,25
398,Vincent Ball,Oncology,25
399,Jeffrey Johnson,Dermatology,28
400,Shannon Vargas,Emergency,3
401,Nathan Perez,ENT,20
402,David Robinson,Pediatrics,27
403,Taylor Gibson,ENT,31
404,Andrew Moreno,Cardiology,31
405,Rebecca Marsh,Cardiology,17
406,Jonathan Mack,Cardiology,27
407,Julian Irwin,Pediatrics,13
408,Katherine Schaefer,General Medicine,4
409,Jacob Boyle,Oncology,21
410,Jamie Hopkins,Radiology,33
411,Danny Rodgers,Emergency,42
412,Rhonda Conner,Radiology,16
413,Kenneth Hernandez,Emergency,31
414,Lauren Rivera,General Medicine,14
415,Michael Morse,Oncology,31
416,Jackson Hammond,Radiology,34
417,Anna Lee,Neurology,25
418,David Reed,Emergency,13
419,Patricia Gray,ENT,8
420,Kathleen Reynolds,General Medicine,30
421,Danielle West,Oncology,32
422,Andrew Day,Neurology,40
423,Jason Dominguez,Oncology,16
424,Douglas Mcintosh,ENT,9
425,Mary Flores,Pediatrics,30
426,Kimberly Alexander,Pediatrics,34
427,Michael Washington,Pediatrics,46
428,Denise Olsen,Dermatology,34
429,Jeffery Reed,Pediatrics,9
430,Lisa Turner,Dermatology,14
431,April Goodwin,Dermatology,43
432,Brett Hodges,Cardiology,38
433,John Tucker,Oncology,33
434,Charles Ware,Neurology,2
435,Danielle Andrews,General Medicine,40
436,Jeffrey Hardy,Orthopedics,20
437,Zachary Montgomery,Orthopedics,47
438,Jennifer Macdonald,Dermatology,12
439,Meredith Baird,Pediatrics,2
440,Christopher Clark PhD,Oncology,31
441,Jack Brown,Oncology,38
442,Pamela Booker,General Medicine,25
443,Laura Andersen,Pediatrics,23
444,Jodi Williams,General Medicine,14
445,Chelsea Robertson,Dermatology,31
446,Melissa Anderson,Emergency,32
447,Nancy Jensen,Dermatology,46
448,Joel Smith,Oncology,34
449,Terry Ellis,Cardiology,23
450,Gina Clark,Emergency,28
451,Andrea Blake,Neurology,34
452,Geoffrey Fernandez,Orthopedics,15
453,James Mckinney,Neurology,21
454,Steven Finley,Dermatology,4
455,Joshua Rich,Dermatology,50
456,Connie Perry,Orthopedics,15
457,Scott Flowers,General Medicine,12
458,Pamela Bartlett,Dermatology,3
459,Matthew Taylor,Dermatology,43
460,Ashley Robertson,ENT,47
461,Andre Bennett,Orthopedics,10
462,Martha Shea,ENT,20
463,Jamie Solis,General Medicine,6
464,Michelle Olson,Oncology,16
465,Allison Ferguson,Oncology,39
466,Russell Taylor,Pediatrics,50
467,Julie Mullins,Emergency,37
468,Leonard Garrett,Pediatrics,15
469,Carrie Franco,Cardiology,25
470,Jeffery Gomez,Neurology,10
471,Michelle Bryant,Cardiology,28
472,Andrew Henry,Cardiology,2
473,Mr. Nathan Smith,Orthopedics,6
474,Aaron Green,Dermatology,30
475,Michael Thompson,Radiology,43
476,Thomas Davis,General Medicine,50
477,Kathryn Whitaker,Emergency,32
478,Megan Coleman,Dermatology,41
479,Donna Franklin,Emergency,5
480,Jaime Lloyd,Neurology,24
481,Gary Morse,Neurology,20
482,Roger Ingram,Dermatology,10
483,Tasha Espinoza,ENT,27
484,Eric Thomas,Radiology,34
485,Mark Davenport,Cardiology,36
486,Melissa Herrera,Radiology,16
487,Patrick Perez,Dermatology,20
488,Jennifer Williams,Dermatology,41
489,John Harper,Radiology,26
490,Terry Obrien,Oncology,27
491,Sandra Garcia,General Medicine,42
492,Jonathan Chen,Pediatrics,34
493,Nicole Mahoney,Dermatology,22
494,Anthony Mckee,Radiology,43
495,Patricia Sosa,ENT,35
496,Joseph King,General Medicine,47
497,Ana Martinez,Emergency,34
498,Lisa Smith,Pediatrics,29
499,Angela Burch,Emergency,6
500,Brian Juarez,Neurology,31
